{
	"source": "Engine-Postman",
	"requestId": "3dfcc29e-6574-11ed-9022-0242ac120002",
	"createDate": "2022-11-16T09:02:50+03:00",
	"data": {
		"bccCustomerNumber": 0,
		"bccSubProductsId": 0,
		"bccContractNumber": 0,
		"workFlowID": 0,
		"batch": false,
		"isBatch": false,
		"parameters": [
			{
				"priority": 1,
				"eventCode": "OAITCR",
				"HouseNumber": "30#",
				"SeekerOrderNo": "20221116090145",
				"Email": "mailto:salah.a@mobily.com",
				"Address": "Central Riyadh King Fhad Distrinct salimi st. 37#",
				"FirstName": "Salah",
				"SNA": "null",
				"GovtIdNo": "2412345678",
				"City": "Amman",
				"AppointmentNo": "A1234526549876325412362",
				"MiddleName": "",
				"Mobile": "512345432",
				"FeasibilityId": "75931",
				"SeekerServiceNo": "20221116090159",
				"GovtIdType": "A",
				"Region": "Central",
				"FiberType": "dTTB",
				"LastName": "Taha",
				"PlateNo": "JDOBRJ02215",
				"Transaction": "#TRANSACTION#"
			},
			{
				"priority": 2,
				"eventCode": "OACIFA",
				"HouseNumber": "31#",
				"SeekerOrderNo": "20221116090145",
				"Email": "mailto:salah.a@mobily.com",
				"Address": "Central Riyadh King Fhad Distrinct salimi st. 37#",
				"FirstName": "Mohammad",
				"SNA": "null",
				"GovtIdNo": "2412345678",
				"City": "Zarqa",
				"AppointmentNo": "A8563487564256897485245",
				"MiddleName": "",
				"Mobile": "512345432",
				"FeasibilityId": "35642",
				"SeekerServiceNo": "20221116090159",
				"GovtIdType": "A",
				"Region": "Central",
				"FiberType": "FTTB",
				"LastName": "Alsadi",
				"PlateNo": "JDOBRJ02215",
				"Transaction": "#TRANSACTION#"
			},
			{
				"priority": 3,
				"eventCode": "POSRES",
				"HouseNumber": "32#",
				"SeekerOrderNo": "20221116090145",
				"Email": "mailto:salah.a@mobily.com",
				"Address": "Central Riyadh King Fhad Distrinct salimi st. 37#",
				"FirstName": "waleed",
				"SNA": "null",
				"GovtIdNo": "2412345678",
				"City": "Irbid",
				"AppointmentNo": "A8547965894236541587456",
				"MiddleName": "",
				"Mobile": "512345432",
				"FeasibilityId": "32634",
				"SeekerServiceNo": "20221116090159",
				"GovtIdType": "A",
				"Region": "Central",
				"FiberType": "FTTB",
				"LastName": "sawalhi",
				"PlateNo": "JDOBRJ02215",
				"Transaction": "#TRANSACTION#"
			},
			{
				"priority": 4,
				"eventCode": "LPUFDE",
				"HouseNumber": "33#",
				"SeekerOrderNo": "20221116090145",
				"Email": "mailto:salah.a@mobily.com",
				"Address": "Central Riyadh King Fhad Distrinct salimi st. 37#",
				"FirstName": "yaman",
				"SNA": "null",
				"GovtIdNo": "2412345678",
				"City": "Russeifa",
				"AppointmentNo": "A635241596357845632156",
				"MiddleName": "",
				"Mobile": "512345432",
				"FeasibilityId": "96548",
				"SeekerServiceNo": "20221116090159",
				"GovtIdType": "A",
				"Region": "Central",
				"FiberType": "FTTH",
				"LastName": "hasouna",
				"PlateNo": "JDOBRJ02215",
				"Transaction": "#TRANSACTION#"
			},
			{
				"priority": 5,
				"eventCode": "ERDFSE",
				"HouseNumber": "34#",
				"SeekerOrderNo": "20221116090145",
				"Email": "mailto:salah.a@mobily.com",
				"Address": "Central Riyadh King Fhad Distrinct salimi st. 37#",
				"FirstName": "yousef",
				"SNA": "null",
				"GovtIdNo": "2412345678",
				"City": "Sahab",
				"AppointmentNo": "A7531597862456845123684",
				"MiddleName": "",
				"Mobile": "512345432",
				"FeasibilityId": "16489",
				"SeekerServiceNo": "20221116090159",
				"GovtIdType": "A",
				"Region": "Central",
				"FiberType": "FsTB",
				"LastName": "alsadi",
				"PlateNo": "JDOBRJ02215",
				"Transaction": "#TRANSACTION#"
			}
		]
	}
}